site_name,point_name,type,zone,fall,survey_date,e,n,h,time_diff,e_diff,n_diff,h_diff,vel2d,vel3d
COR_TGS1,COR_018,reference,rooting zone,NA,2009-08-25,783184.881,144660.295,2681.138,NA,NA,NA,NA,NA,NA
COR_TGS1,COR_018,reference,rooting zone,NA,2010-08-25,783184.86,144660.401,2681.095,365,-0.021,0.106,-0.043,0.108,0.116
COR_TGS1,COR_018,reference,rooting zone,NA,2011-08-25,783184.837,144660.506,2681.061,365,-0.023,0.105,-0.034,0.108,0.113
COR_TGS1,COR_018,reference,rooting zone,NA,2012-08-27,783184.77,144660.615,2681.072,368,-0.067,0.109,0.011,0.127,0.127
COR_TGS1,COR_018,reference,rooting zone,NA,2013-08-22,783184.734,144660.736,2680.974,360,-0.036,0.121,-0.098,0.128,0.162
COR_TGS1,COR_018,reference,rooting zone,NA,2014-07-24,783184.675,144660.846,2680.949,336,-0.059,0.11,-0.025,0.136,0.138
COR_TGS1,COR_018,reference,rooting zone,NA,2015-09-16,783184.617,144661.04,2680.881,419,-0.058,0.194,-0.068,0.177,0.186
COR_TGS1,COR_018,reference,rooting zone,NA,2017-08-20,783184.548,144661.212,2680.794,704,-0.069,0.172,-0.087,0.096,0.106
COR_TGS1,COR_018,reference,rooting zone,NA,2018-09-08,783184.494,144661.392,2680.767,384,-0.054,0.179,-0.027,0.178,0.18
COR_TGS1,COR_018,reference,rooting zone,NA,2019-09-15,783184.476,144661.492,2680.682,372,-0.018,0.101,-0.084,0.1,0.13
COR_TGS1,COR_018,reference,rooting zone,NA,2020-08-26,783184.435,144661.633,2680.643,346,-0.041,0.14,-0.039,0.154,0.16
COR_TGS1,COR_018,reference,rooting zone,NA,2021-08-28,783184.362,144661.784,2680.588,367,-0.073,0.151,-0.055,0.167,0.176
COR_TGS1,COR_018,reference,rooting zone,NA,2022-08-20,783184.3,144661.913,2680.525,357,-0.062,0.13,-0.063,0.147,0.161
COR_TGS1,COR_018,reference,rooting zone,NA,2023-08-19,783184.232,144662.04,2680.492,364,-0.068,0.126,-0.033,0.144,0.148
COR_TGS1,COR_019,reference,rooting zone,NA,2009-08-25,783173.876,144691.901,2672.717,NA,NA,NA,NA,NA,NA
COR_TGS1,COR_019,reference,rooting zone,NA,2010-08-25,783173.854,144691.999,2672.672,365,-0.022,0.098,-0.045,0.101,0.11
COR_TGS1,COR_019,reference,rooting zone,NA,2011-08-25,783173.829,144692.095,2672.642,365,-0.025,0.096,-0.03,0.099,0.104
COR_TGS1,COR_019,reference,rooting zone,NA,2012-08-27,783173.758,144692.198,2672.654,368,-0.071,0.103,0.012,0.124,0.125
COR_TGS1,COR_019,reference,rooting zone,NA,2013-08-22,783173.735,144692.318,2672.564,360,-0.023,0.12,-0.09,0.124,0.154
COR_TGS1,COR_019,reference,rooting zone,NA,2014-07-24,783173.669,144692.425,2672.528,336,-0.066,0.107,-0.036,0.137,0.142
COR_TGS1,COR_019,reference,rooting zone,NA,2015-09-16,783173.609,144692.599,2672.459,419,-0.06,0.174,-0.069,0.16,0.171
COR_TGS1,COR_019,reference,rooting zone,NA,2017-08-20,783173.532,144692.766,2672.362,704,-0.077,0.167,-0.097,0.095,0.108
COR_TGS1,COR_019,reference,rooting zone,NA,2018-09-08,783173.498,144692.925,2672.33,384,-0.035,0.159,-0.033,0.155,0.158
COR_TGS1,COR_019,reference,rooting zone,NA,2019-09-15,783173.485,144693.023,2672.256,372,-0.012,0.098,-0.074,0.097,0.121
COR_TGS1,COR_019,reference,rooting zone,NA,2020-08-26,783173.45,144693.161,2672.213,346,-0.035,0.138,-0.043,0.151,0.158
COR_TGS1,COR_019,reference,rooting zone,NA,2021-08-28,783173.392,144693.302,2672.155,367,-0.058,0.141,-0.058,0.151,0.162
COR_TGS1,COR_019,reference,rooting zone,NA,2022-08-20,783173.34,144693.424,2672.094,357,-0.051,0.122,-0.06,0.136,0.149
COR_TGS1,COR_019,reference,rooting zone,NA,2023-08-19,783173.283,144693.534,2672.067,364,-0.057,0.11,-0.027,0.125,0.128
COR_TGS1,COR_020,reference,center,NA,2009-08-25,783158.601,144704.559,2668.148,NA,NA,NA,NA,NA,NA
COR_TGS1,COR_020,reference,center,NA,2010-08-25,783158.558,144704.631,2668.081,365,-0.043,0.072,-0.067,0.084,0.107
COR_TGS1,COR_020,reference,center,NA,2011-08-25,783158.525,144704.705,2668.047,365,-0.033,0.074,-0.034,0.081,0.088
COR_TGS1,COR_020,reference,center,NA,2012-08-27,783158.443,144704.776,2668.036,368,-0.082,0.071,-0.011,0.108,0.108
COR_TGS1,COR_020,reference,center,NA,2013-08-22,783158.393,144704.867,2667.924,360,-0.05,0.091,-0.112,0.105,0.155
COR_TGS1,COR_020,reference,center,NA,2014-07-24,783158.308,144704.956,2667.892,336,-0.085,0.089,-0.032,0.134,0.138
COR_TGS1,COR_020,reference,center,NA,2017-08-20,783158.118,144705.205,2667.702,1123,-0.19,0.249,-0.19,0.102,0.119
COR_TGS1,COR_020,reference,center,NA,2018-09-08,783158.073,144705.337,2667.658,384,-0.045,0.132,-0.044,0.132,0.139
COR_TGS1,COR_020,reference,center,NA,2019-09-15,783158.033,144705.402,2667.558,372,-0.041,0.065,-0.101,0.076,0.124
COR_TGS1,COR_020,reference,center,NA,2020-08-26,783157.973,144705.515,2667.501,346,-0.06,0.113,-0.057,0.135,0.148
COR_TGS1,COR_020,reference,center,NA,2021-08-28,783157.906,144705.629,2667.412,367,-0.067,0.113,-0.09,0.131,0.158
COR_TGS1,COR_020,reference,center,NA,2022-08-20,783157.839,144705.725,2667.31,357,-0.067,0.096,-0.102,0.12,0.159
COR_TGS1,COR_020,reference,center,NA,2023-08-19,783157.778,144705.817,2667.256,364,-0.061,0.092,-0.054,0.111,0.123
COR_TGS1,COR_021,reference,center,NA,2009-08-25,783146.727,144727.674,2665.094,NA,NA,NA,NA,NA,NA
COR_TGS1,COR_021,reference,center,NA,2010-08-25,783146.684,144727.755,2665.037,365,-0.043,0.081,-0.057,0.092,0.108
COR_TGS1,COR_021,reference,center,NA,2011-08-25,783146.649,144727.831,2665.005,365,-0.035,0.076,-0.032,0.084,0.09
COR_TGS1,COR_021,reference,center,NA,2012-08-27,783146.554,144727.926,2664.977,368,-0.095,0.095,-0.028,0.133,0.136
COR_TGS1,COR_021,reference,center,NA,2013-08-22,783146.522,144728.019,2664.88,360,-0.032,0.093,-0.097,0.1,0.14
COR_TGS1,COR_021,reference,center,NA,2014-07-24,783146.44,144728.117,2664.835,336,-0.082,0.098,-0.045,0.139,0.147
COR_TGS1,COR_021,reference,center,NA,2015-09-16,783146.343,144728.258,2664.716,419,-0.097,0.141,-0.119,0.149,0.182
COR_TGS1,COR_021,reference,center,NA,2017-08-20,783146.217,144728.361,2664.63,704,-0.126,0.103,-0.086,0.084,0.096
COR_TGS1,COR_021,reference,center,NA,2018-09-08,783146.133,144728.506,2664.557,384,-0.084,0.145,-0.073,0.159,0.173
COR_TGS1,COR_021,reference,center,NA,2019-09-15,783146.077,144728.587,2664.432,372,-0.056,0.081,-0.125,0.097,0.157
COR_TGS1,COR_021,reference,center,NA,2020-08-26,783146.004,144728.7,2664.372,346,-0.073,0.113,-0.06,0.142,0.155
COR_TGS1,COR_021,reference,center,NA,2021-08-28,783145.92,144728.808,2664.281,367,-0.084,0.108,-0.091,0.136,0.163
COR_TGS1,COR_021,reference,center,NA,2022-08-20,783145.82,144728.919,2664.151,357,-0.1,0.112,-0.129,0.154,0.203
COR_TGS1,COR_021,reference,center,NA,2023-08-19,783145.742,144729.008,2664.096,364,-0.078,0.089,-0.055,0.119,0.131
COR_TGS1,COR_022,reference,center,NA,2009-08-25,783136.119,144745.806,2660.309,NA,NA,NA,NA,NA,NA
COR_TGS1,COR_022,reference,center,NA,2010-08-25,783136.11,144745.852,2660.279,365,-0.009,0.046,-0.03,0.047,0.056
COR_TGS1,COR_022,reference,center,NA,2011-08-25,783136.098,144745.893,2660.27,365,-0.012,0.041,-0.009,0.043,0.044
COR_TGS1,COR_022,reference,center,NA,2012-08-27,783136.06,144745.93,2660.281,368,-0.038,0.037,0.011,0.053,0.054
COR_TGS1,COR_022,reference,center,NA,2013-08-22,783136.056,144745.987,2660.218,360,-0.004,0.057,-0.063,0.058,0.086
COR_TGS1,COR_022,reference,center,NA,2014-07-24,783136.012,144746.05,2660.195,336,-0.044,0.063,-0.023,0.084,0.087
COR_TGS1,COR_022,reference,center,NA,2015-09-16,783136.008,144746.108,2660.148,419,-0.004,0.058,-0.047,0.051,0.065
COR_TGS1,COR_022,reference,center,NA,2017-08-20,783135.937,144746.18,2660.1,704,-0.071,0.072,-0.048,0.052,0.058
COR_TGS1,COR_022,reference,center,NA,2018-09-08,783135.93,144746.262,2660.073,384,-0.007,0.082,-0.028,0.078,0.083
COR_TGS1,COR_022,reference,center,NA,2020-08-26,783135.916,144746.328,2659.99,718,-0.014,0.067,-0.082,0.035,0.054
COR_TGS1,COR_022,reference,center,NA,2021-08-28,783135.868,144746.392,2659.952,367,-0.048,0.064,-0.039,0.08,0.088
COR_TGS1,COR_022,reference,center,NA,2022-08-20,783135.851,144746.435,2659.895,357,-0.017,0.042,-0.057,0.047,0.075
COR_TGS1,COR_022,reference,center,NA,2023-08-19,783135.81,144746.489,2659.879,364,-0.041,0.054,-0.016,0.068,0.07
COR_TGS1,COR_023,reference,center,NA,2009-08-25,783125.654,144753.706,2655.881,NA,NA,NA,NA,NA,NA
COR_TGS1,COR_023,reference,center,NA,2010-08-25,783125.642,144753.753,2655.862,365,-0.012,0.047,-0.019,0.049,0.052
COR_TGS1,COR_023,reference,center,NA,2011-08-25,783125.62,144753.806,2655.864,365,-0.022,0.053,0.002,0.057,0.057
COR_TGS1,COR_023,reference,center,NA,2012-08-27,783125.586,144753.853,2655.895,368,-0.034,0.047,0.031,0.058,0.065
COR_TGS1,COR_023,reference,center,NA,2013-08-22,783125.569,144753.919,2655.835,360,-0.017,0.066,-0.06,0.069,0.092
COR_TGS1,COR_023,reference,center,NA,2014-07-24,783125.52,144753.991,2655.833,336,-0.049,0.072,-0.002,0.095,0.095
COR_TGS1,COR_023,reference,center,NA,2015-09-16,783125.504,144754.079,2655.813,419,-0.016,0.088,-0.02,0.078,0.08
COR_TGS1,COR_023,reference,center,NA,2017-08-20,783125.436,144754.169,2655.786,704,-0.068,0.09,-0.027,0.059,0.06
COR_TGS1,COR_023,reference,center,NA,2018-09-08,783125.444,144754.248,2655.767,384,0.009,0.08,-0.019,0.076,0.078
COR_TGS1,COR_023,reference,center,NA,2019-09-15,783125.448,144754.28,2655.721,372,0.004,0.032,-0.046,0.032,0.055
COR_TGS1,COR_023,reference,center,NA,2020-08-26,783125.427,144754.356,2655.713,346,-0.022,0.076,-0.008,0.083,0.084
COR_TGS1,COR_023,reference,center,NA,2021-08-28,783125.394,144754.419,2655.685,367,-0.032,0.062,-0.029,0.07,0.076
COR_TGS1,COR_023,reference,center,NA,2022-08-20,783125.388,144754.459,2655.638,357,-0.007,0.04,-0.047,0.042,0.064
COR_TGS1,COR_023,reference,center,NA,2023-08-19,783125.351,144754.514,2655.63,364,-0.037,0.055,-0.008,0.066,0.067
COR_TGS1,COR_024,reference,center,NA,2009-08-25,783114.348,144780.809,2654.024,NA,NA,NA,NA,NA,NA
COR_TGS1,COR_024,reference,center,NA,2010-08-25,783114.321,144780.86,2654.01,365,-0.027,0.051,-0.014,0.058,0.059
COR_TGS1,COR_024,reference,center,NA,2011-08-25,783114.288,144780.912,2654.014,365,-0.033,0.052,0.004,0.062,0.062
COR_TGS1,COR_024,reference,center,NA,2012-08-27,783114.237,144780.956,2654.05,368,-0.051,0.044,0.036,0.067,0.076
COR_TGS1,COR_024,reference,center,NA,2013-08-22,783114.196,144781.024,2654.001,360,-0.041,0.068,-0.049,0.081,0.095
COR_TGS1,COR_024,reference,center,NA,2014-07-24,783114.152,144781.085,2654,336,-0.044,0.061,-0.001,0.082,0.082
COR_TGS1,COR_024,reference,center,NA,2015-09-16,783114.082,144781.175,2653.986,419,-0.07,0.09,-0.014,0.099,0.1
COR_TGS1,COR_024,reference,center,NA,2017-08-20,783113.985,144781.263,2653.961,704,-0.097,0.088,-0.025,0.068,0.069
COR_TGS1,COR_024,reference,center,NA,2018-09-08,783113.951,144781.356,2653.964,384,-0.035,0.094,0.003,0.095,0.095
COR_TGS1,COR_024,reference,center,NA,2019-09-15,783113.91,144781.392,2653.936,372,-0.04,0.036,-0.028,0.053,0.06
COR_TGS1,COR_024,reference,center,NA,2020-08-26,783113.857,144781.458,2653.936,346,-0.053,0.066,0,0.09,0.09
COR_TGS1,COR_024,reference,center,NA,2021-08-28,783113.787,144781.525,2653.919,367,-0.07,0.067,-0.017,0.096,0.098
COR_TGS1,COR_024,reference,center,NA,2022-08-20,783113.726,144781.59,2653.904,357,-0.061,0.065,-0.015,0.091,0.092
COR_TGS1,COR_024,reference,center,NA,2023-08-19,783113.653,144781.641,2653.901,364,-0.073,0.052,-0.002,0.09,0.09
COR_TGS1,COR_025,reference,center,NA,2009-08-25,783104.004,144798.003,2651.394,NA,NA,NA,NA,NA,NA
COR_TGS1,COR_025,reference,center,NA,2010-08-25,783103.979,144798.051,2651.381,365,-0.025,0.048,-0.013,0.054,0.056
COR_TGS1,COR_025,reference,center,NA,2011-08-25,783103.947,144798.101,2651.386,365,-0.032,0.05,0.005,0.059,0.06
COR_TGS1,COR_025,reference,center,NA,2012-08-27,783103.886,144798.158,2651.424,368,-0.061,0.057,0.038,0.083,0.091
COR_TGS1,COR_025,reference,center,NA,2013-08-22,783103.866,144798.222,2651.374,360,-0.02,0.064,-0.05,0.068,0.085
COR_TGS1,COR_025,reference,center,NA,2014-07-24,783103.824,144798.289,2651.369,336,-0.042,0.067,-0.005,0.086,0.086
COR_TGS1,COR_025,reference,center,NA,2015-09-16,783103.763,144798.384,2651.376,419,-0.061,0.095,0.007,0.098,0.099
COR_TGS1,COR_025,reference,center,NA,2017-08-20,783103.682,144798.475,2651.368,704,-0.081,0.091,-0.008,0.063,0.063
COR_TGS1,COR_025,reference,center,NA,2018-09-08,783103.656,144798.571,2651.368,384,-0.026,0.096,0,0.094,0.094
COR_TGS1,COR_025,reference,center,NA,2019-09-15,783103.624,144798.609,2651.343,372,-0.032,0.038,-0.025,0.049,0.055
COR_TGS1,COR_025,reference,center,NA,2020-08-26,783103.582,144798.685,2651.351,346,-0.042,0.076,0.008,0.092,0.092
COR_TGS1,COR_025,reference,center,NA,2021-08-28,783103.525,144798.757,2651.344,367,-0.057,0.071,-0.007,0.091,0.091
COR_TGS1,COR_025,reference,center,NA,2022-08-20,783103.474,144798.829,2651.331,357,-0.051,0.072,-0.014,0.09,0.091
COR_TGS1,COR_025,reference,center,NA,2023-08-19,783103.425,144798.896,2651.338,364,-0.049,0.067,0.008,0.083,0.083
COR_TGS1,COR_026,reference,front,NA,2009-08-25,783091.521,144817.774,2648.532,NA,NA,NA,NA,NA,NA
COR_TGS1,COR_026,reference,front,NA,2010-08-25,783091.488,144817.828,2648.518,365,-0.033,0.054,-0.014,0.063,0.065
COR_TGS1,COR_026,reference,front,NA,2011-08-25,783091.451,144817.879,2648.523,365,-0.037,0.051,0.005,0.063,0.063
COR_TGS1,COR_026,reference,front,NA,2012-08-27,783091.394,144817.927,2648.559,368,-0.057,0.048,0.036,0.074,0.082
COR_TGS1,COR_026,reference,front,NA,2013-08-22,783091.355,144818,2648.515,360,-0.039,0.073,-0.044,0.084,0.095
COR_TGS1,COR_026,reference,front,NA,2014-07-24,783091.303,144818.067,2648.504,336,-0.052,0.067,-0.011,0.092,0.093
COR_TGS1,COR_026,reference,front,NA,2015-09-16,783091.228,144818.168,2648.507,419,-0.075,0.101,0.003,0.11,0.11
COR_TGS1,COR_026,reference,front,NA,2017-08-20,783091.13,144818.259,2648.494,704,-0.098,0.091,-0.013,0.069,0.07
COR_TGS1,COR_026,reference,front,NA,2018-09-08,783091.105,144818.35,2648.499,384,-0.025,0.091,0.004,0.09,0.09
COR_TGS1,COR_026,reference,front,NA,2019-09-15,783091.059,144818.398,2648.478,372,-0.047,0.048,-0.021,0.065,0.069
COR_TGS1,COR_026,reference,front,NA,2020-08-26,783091.01,144818.474,2648.488,346,-0.049,0.076,0.009,0.095,0.096
COR_TGS1,COR_026,reference,front,NA,2021-08-28,783090.942,144818.557,2648.47,367,-0.068,0.083,-0.017,0.107,0.108
COR_TGS1,COR_026,reference,front,NA,2022-08-20,783090.882,144818.633,2648.457,357,-0.06,0.077,-0.013,0.1,0.101
COR_TGS1,COR_026,reference,front,NA,2023-08-19,783090.82,144818.704,2648.464,364,-0.062,0.071,0.006,0.094,0.095
COR_TGS1,COR_027,reference,front,NA,2009-08-25,783087.529,144832.774,2646.958,NA,NA,NA,NA,NA,NA
COR_TGS1,COR_027,reference,front,NA,2010-08-25,783087.5,144832.829,2646.945,365,-0.029,0.055,-0.013,0.062,0.064
COR_TGS1,COR_027,reference,front,NA,2011-08-25,783087.46,144832.88,2646.952,365,-0.04,0.051,0.007,0.065,0.065
COR_TGS1,COR_027,reference,front,NA,2012-08-27,783087.403,144832.944,2646.983,368,-0.057,0.064,0.031,0.085,0.09
COR_TGS1,COR_027,reference,front,NA,2013-08-22,783087.367,144833.02,2646.94,360,-0.036,0.076,-0.043,0.085,0.096
COR_TGS1,COR_027,reference,front,NA,2014-07-24,783087.299,144833.106,2646.938,336,-0.068,0.086,-0.002,0.119,0.119
COR_TGS1,COR_027,reference,front,NA,2015-09-16,783087.241,144833.199,2646.941,419,-0.058,0.093,0.003,0.096,0.096
COR_TGS1,COR_027,reference,front,NA,2017-08-20,783087.144,144833.305,2646.934,704,-0.097,0.106,-0.006,0.075,0.075
COR_TGS1,COR_027,reference,front,NA,2018-09-08,783087.103,144833.409,2646.933,384,-0.041,0.103,-0.002,0.106,0.106
COR_TGS1,COR_027,reference,front,NA,2019-09-15,783087.051,144833.469,2646.905,372,-0.052,0.06,-0.027,0.077,0.082
COR_TGS1,COR_027,reference,front,NA,2020-08-26,783086.99,144833.564,2646.912,346,-0.061,0.095,0.006,0.12,0.12
COR_TGS1,COR_027,reference,front,NA,2021-08-28,783086.91,144833.663,2646.897,367,-0.08,0.099,-0.015,0.127,0.128
COR_TGS1,COR_027,reference,front,NA,2022-08-20,783086.843,144833.753,2646.878,357,-0.066,0.09,-0.019,0.115,0.116
COR_TGS1,COR_027,reference,front,NA,2023-08-19,783086.77,144833.854,2646.868,364,-0.073,0.101,-0.01,0.125,0.125
